[{"@type":"connection","id":"@1","name":"tvmMemSQLV2","runtimeEnvironmentId":"@kbFgCjCFziKkGu3yZUS9qc","instanceName":"MemSQL V2","type":"TOOLKIT","port":0,"majorUpdateTime":"2019-05-09T12:48:39.000Z","timeout":60,"connParams":{"Staging Path":"/home/infa","mode":"CREATE","agentId":"0018IZ08000000000024","Custom Url":null,"User Name":"test","agentGroupId":"0018IZ2500000000002V","Use Custom Url":"false","Port No":"3306","Host Name":"ec2-3-87-59-99.compute-1.amazonaws.com","Catalog":"test","orgId":"0018IZ","Password":"********"}}]